{
  "195651063": {
    "name": "1111111111",
    "surname": "11111111",
    "description": "Опис ...",
    "address": "1111111",
    "email": "1111111@1111",
    "pass": "1111111"
  },
  "556183159": {
    "name": "15",
    "surname": "15",
    "description": "Опис ...",
    "address": "15",
    "email": "51@15",
    "pass": "15"
  },
  "601010624": {
    "name": "5",
    "surname": "5",
    "description": "Опис ...",
    "address": "5",
    "email": "5@5",
    "pass": "5"
  },
  "604572088": {
    "name": "1fdkljglsdf;g",
    "surname": "1",
    "description": "Опис ... 1",
    "address": "1",
    "email": "1@1",
    "pass": "1"
  },
  "683993305": {
    "name": "54",
    "surname": "45",
    "description": "Опис ...",
    "address": "54",
    "email": "54@15",
    "pass": "54"
  }
}