{
  "items": {
    "133433": {
      "images": [
        "/images/Joystick.png"
      ],
      "title": "Item2",
      "rating": 5,
      "reviews": [
        "r1",
        "r2"
      ],
      "price": 1850
    },
    "133434": {
      "images": [
        "/images/Joystick.png"
      ],
      "title": "Item2",
      "rating": 2,
      "reviews": [
        "r1",
        "r2"
      ],
      "price": 1850
    },
    "133435": {
      "images": [
        "/images/Joystick.png"
      ],
      "title": "Item2",
      "rating": 1,
      "reviews": [
        "r1",
        "r2"
      ],
      "price": 1850
    },
    "133437": {
      "images": [
        "/images/Joystick.png"
      ],
      "title": "Item2",
      "rating": 2,
      "reviews": [
        "r1",
        "r2"
      ],
      "price": 1850
    },
    "1682537496225": {
      "title": "Hey%%",
      "images": [
        "/images/joystick2__711348376__.png",
        "/images/joystick3__321455144__.png"
      ],
      "description": "Опис ...safasdfasd",
      "price": "18",
      "shipping": "Доставка ...",
      "guaranty": "Гарантія ...",
      "characteristics": {
        "ch_1": {
          "name": "power",
          "value": "0.4"
        }
      },
      "reviews": [
        {
          "rating": "0",
          "review": "",
          "time": "1682892017302"
        },
        {
          "rating": "5",
          "review": "fdgsfdgsfdg",
          "time": "1682892035191"
        },
        {
          "rating": "0",
          "review": "",
          "time": "1682893212377"
        },
        {
          "rating": "0",
          "review": "",
          "time": "1682893532079"
        },
        {
          "rating": "5",
          "review": "56413",
          "time": "1682893735753"
        },
        {
          "rating": "0",
          "review": "111111111111",
          "time": "1682893789156"
        },
        {
          "rating": "0",
          "review": "1515",
          "time": "1682893814256"
        },
        {
          "rating": "0",
          "review": "115836453",
          "time": "1682893827466"
        },
        {
          "rating": "0",
          "review": "15354",
          "time": "1682893834031"
        },
        {
          "rating": "0",
          "review": ",,,,,,,,,,,,,",
          "time": "1682893852269"
        },
        {
          "rating": "0",
          "review": "afsdddddddddddddddddddddddd",
          "time": "1682894041761"
        },
        {
          "rating": "0",
          "review": "33",
          "time": "1682894855348",
          "user-name": "1",
          "user-surname": "1"
        },
        {
          "rating": "0",
          "review": "f",
          "time": "1682894871198",
          "user-name": "1",
          "user-surname": "1"
        },
        {
          "rating": "0",
          "review": "000000000000000000000000000",
          "time": "1682895080219",
          "user-name": "1",
          "user-surname": "1"
        },
        {
          "rating": "2",
          "review": "bad thing",
          "time": "1682895807270",
          "user-name": "1",
          "user-surname": "1"
        },
        {
          "rating": "5",
          "review": "Huita",
          "time": "1683478883187",
          "user-name": "1",
          "user-surname": "1"
        }
      ],
      "rating": 1
    }
  }
}